time_min,node_id,used_pct,powered_on
0.0,0,0.0,True
0.0,1,0.0,True
0.0,2,0.0,True
0.0,3,0.0,True
0.0,4,0.0,True
0.0,5,0.0,True
0.0,6,0.0,True
0.0,7,0.0,True
0.0,8,0.0,True
0.0,9,0.0,True
0.0,10,0.0,True
0.0,11,0.0,True
0.0,12,0.0,True
0.0,13,0.0,True
0.0,14,0.0,True
0.0,15,0.0,True
0.0,16,0.0,True
0.0,17,0.0,True
0.0,18,0.0,True
0.0,19,0.0,True
15.0,0,9.628684762026438,True
15.0,1,6.661862274927799,True
15.0,2,33.75677639724336,True
15.0,3,0.0,True
15.0,4,10.444952287895717,True
15.0,5,32.74525607054187,True
15.0,6,0.0,True
15.0,7,0.0,True
15.0,8,0.0,True
15.0,9,0.0,True
15.0,10,0.0,True
15.0,11,0.0,True
15.0,12,0.0,True
15.0,13,0.0,True
15.0,14,0.0,True
15.0,15,0.0,True
15.0,16,0.0,True
15.0,17,0.0,True
15.0,18,0.0,True
15.0,19,0.0,True
30.0,0,32.823813755120796,True
30.0,1,13.340663198024416,True
30.0,2,28.320293825875353,True
30.0,3,18.629538855252406,True
30.0,4,16.18107023920203,True
30.0,5,20.43888026349049,True
30.0,6,0.0,True
30.0,7,0.0,True
30.0,8,0.0,True
30.0,9,0.0,True
30.0,10,0.0,True
30.0,11,0.0,True
30.0,12,0.0,True
30.0,13,0.0,True
30.0,14,0.0,True
30.0,15,0.0,True
30.0,16,0.0,True
30.0,17,0.0,True
30.0,18,0.0,True
30.0,19,0.0,True
45.0,0,27.05757997488675,True
45.0,1,36.21207643859624,True
45.0,2,34.37673901121839,True
45.0,3,30.60108378027101,True
45.0,4,60.07999608599821,True
45.0,5,55.231417721405684,True
45.0,6,0.0,False
45.0,7,0.0,False
45.0,8,0.0,False
45.0,9,0.0,False
45.0,10,0.0,False
45.0,11,0.0,False
45.0,12,0.0,False
45.0,13,0.0,False
45.0,14,0.0,False
45.0,15,0.0,False
45.0,16,0.0,False
45.0,17,0.0,False
45.0,18,0.0,False
45.0,19,0.0,False
60.0,0,27.05757997488675,True
60.0,1,29.457813956050174,True
60.0,2,43.660476886697296,True
60.0,3,15.721088705061646,True
60.0,4,34.75575135451106,True
60.0,5,33.36559673065719,True
60.0,6,0.0,False
60.0,7,0.0,False
60.0,8,0.0,False
60.0,9,0.0,False
60.0,10,0.0,False
60.0,11,0.0,False
60.0,12,0.0,False
60.0,13,0.0,False
60.0,14,0.0,False
60.0,15,0.0,False
60.0,16,0.0,False
60.0,17,0.0,False
60.0,18,0.0,False
60.0,19,0.0,False
75.0,0,22.13502086167223,True
75.0,1,11.368314165222273,True
75.0,2,0.0,True
75.0,3,34.44161303759006,True
75.0,4,6.15625997970308,True
75.0,5,40.88095329196645,True
75.0,6,0.0,False
75.0,7,0.0,False
75.0,8,0.0,False
75.0,9,0.0,False
75.0,10,0.0,False
75.0,11,0.0,False
75.0,12,0.0,False
75.0,13,0.0,False
75.0,14,0.0,False
75.0,15,0.0,False
75.0,16,0.0,False
75.0,17,0.0,False
75.0,18,0.0,False
75.0,19,0.0,False
90.0,0,22.13502086167223,True
90.0,1,33.75545881926355,True
90.0,2,27.17111154152272,True
90.0,3,47.23971790130983,True
90.0,4,15.4482765038437,True
90.0,5,20.21637237840247,True
90.0,6,0.0,False
90.0,7,0.0,False
90.0,8,0.0,False
90.0,9,0.0,False
90.0,10,0.0,False
90.0,11,0.0,False
90.0,12,0.0,False
90.0,13,0.0,False
90.0,14,0.0,False
90.0,15,0.0,False
90.0,16,0.0,False
90.0,17,0.0,False
90.0,18,0.0,False
90.0,19,0.0,False
105.0,0,52.90620384206291,True
105.0,1,64.63691296188716,True
105.0,2,40.17828898426135,True
105.0,3,32.74887418120838,True
105.0,4,29.624345385645853,True
105.0,5,56.09863186409659,True
105.0,6,0.0,False
105.0,7,0.0,False
105.0,8,0.0,False
105.0,9,0.0,False
105.0,10,0.0,False
105.0,11,0.0,False
105.0,12,0.0,False
105.0,13,0.0,False
105.0,14,0.0,False
105.0,15,0.0,False
105.0,16,0.0,False
105.0,17,0.0,False
105.0,18,0.0,False
105.0,19,0.0,False
120.0,0,22.85568056376276,True
120.0,1,59.58393334356572,True
120.0,2,46.08219655815416,True
120.0,3,32.05095995976333,True
120.0,4,46.75263907555932,True
120.0,5,45.740506593183056,True
120.0,6,0.0,False
120.0,7,0.0,False
120.0,8,0.0,False
120.0,9,0.0,False
120.0,10,0.0,False
120.0,11,0.0,False
120.0,12,0.0,False
120.0,13,0.0,False
120.0,14,0.0,False
120.0,15,0.0,False
120.0,16,0.0,False
120.0,17,0.0,False
120.0,18,0.0,False
120.0,19,0.0,False
135.0,0,33.920411070793904,True
135.0,1,40.20594167219069,True
135.0,2,45.82727501381699,True
135.0,3,40.36715423783373,True
135.0,4,56.631670696965756,True
135.0,5,52.33165684919242,True
135.0,6,67.07956517072225,True
135.0,7,0.0,False
135.0,8,0.0,False
135.0,9,0.0,False
135.0,10,0.0,False
135.0,11,0.0,False
135.0,12,0.0,False
135.0,13,0.0,False
135.0,14,0.0,False
135.0,15,0.0,False
135.0,16,0.0,False
135.0,17,0.0,False
135.0,18,0.0,False
135.0,19,0.0,False
150.0,0,64.42892162545543,True
150.0,1,53.797129678617054,True
150.0,2,48.50584032077753,True
150.0,3,62.49459067722367,True
150.0,4,64.35469129007822,True
150.0,5,70.82908112038484,True
150.0,6,52.74704379587138,True
150.0,7,0.0,False
150.0,8,0.0,False
150.0,9,0.0,False
150.0,10,0.0,False
150.0,11,0.0,False
150.0,12,0.0,False
150.0,13,0.0,False
150.0,14,0.0,False
150.0,15,0.0,False
150.0,16,0.0,False
150.0,17,0.0,False
150.0,18,0.0,False
150.0,19,0.0,False
165.0,0,58.24914304917072,True
165.0,1,27.213360643343805,True
165.0,2,68.32227555643996,True
165.0,3,37.125208624362884,True
165.0,4,65.60913868550513,True
165.0,5,34.91592430885697,True
165.0,6,46.106216525982816,True
165.0,7,56.377224999693894,True
165.0,8,0.0,False
165.0,9,0.0,False
165.0,10,0.0,False
165.0,11,0.0,False
165.0,12,0.0,False
165.0,13,0.0,False
165.0,14,0.0,False
165.0,15,0.0,False
165.0,16,0.0,False
165.0,17,0.0,False
165.0,18,0.0,False
165.0,19,0.0,False
180.0,0,27.740632494509185,True
180.0,1,35.588827581564814,True
180.0,2,34.60676607614025,True
180.0,3,40.90948745598192,True
180.0,4,43.32245557785166,True
180.0,5,47.60297255968098,True
180.0,6,27.87017946788123,True
180.0,7,32.07577990846404,True
180.0,8,0.0,False
180.0,9,0.0,False
180.0,10,0.0,False
180.0,11,0.0,False
180.0,12,0.0,False
180.0,13,0.0,False
180.0,14,0.0,False
180.0,15,0.0,False
180.0,16,0.0,False
180.0,17,0.0,False
180.0,18,0.0,False
180.0,19,0.0,False
195.0,0,49.41501627426298,True
195.0,1,52.608051974577336,True
195.0,2,48.10409533301224,True
195.0,3,44.91762173168681,True
195.0,4,55.0147913609875,True
195.0,5,65.73411718344435,True
195.0,6,40.87518424551552,True
195.0,7,45.296483701672535,True
195.0,8,0.0,False
195.0,9,0.0,False
195.0,10,0.0,False
195.0,11,0.0,False
195.0,12,0.0,False
195.0,13,0.0,False
195.0,14,0.0,False
195.0,15,0.0,False
195.0,16,0.0,False
195.0,17,0.0,False
195.0,18,0.0,False
195.0,19,0.0,False
210.0,0,27.802153446306193,True
210.0,1,23.636995346409904,True
210.0,2,30.26726743763483,True
210.0,3,30.275659059636325,True
210.0,4,28.655790474643723,True
210.0,5,29.05303873689381,True
210.0,6,46.56009745179725,True
210.0,7,42.59481114292085,True
210.0,8,0.0,False
210.0,9,0.0,False
210.0,10,0.0,False
210.0,11,0.0,False
210.0,12,0.0,False
210.0,13,0.0,False
210.0,14,0.0,False
210.0,15,0.0,False
210.0,16,0.0,False
210.0,17,0.0,False
210.0,18,0.0,False
210.0,19,0.0,False
225.0,0,40.77006950935954,True
225.0,1,41.94010248551576,True
225.0,2,40.39588489597078,True
225.0,3,33.79827258033198,True
225.0,4,44.166803316092164,True
225.0,5,45.09033646167423,True
225.0,6,32.974161540082264,True
225.0,7,49.43163836296917,True
225.0,8,0.0,False
225.0,9,0.0,False
225.0,10,0.0,False
225.0,11,0.0,False
225.0,12,0.0,False
225.0,13,0.0,False
225.0,14,0.0,False
225.0,15,0.0,False
225.0,16,0.0,False
225.0,17,0.0,False
225.0,18,0.0,False
225.0,19,0.0,False
240.0,0,64.20475742430857,True
240.0,1,63.63400803587152,True
240.0,2,49.636850869480895,True
240.0,3,46.169380676146616,True
240.0,4,59.7505416739483,True
240.0,5,54.014800291098226,True
240.0,6,53.01115722587055,True
240.0,7,50.44121813593756,True
240.0,8,0.0,False
240.0,9,0.0,False
240.0,10,0.0,False
240.0,11,0.0,False
240.0,12,0.0,False
240.0,13,0.0,False
240.0,14,0.0,False
240.0,15,0.0,False
240.0,16,0.0,False
240.0,17,0.0,False
240.0,18,0.0,False
240.0,19,0.0,False
255.0,0,29.328910538633792,True
255.0,1,26.132871006502356,True
255.0,2,54.543577720720805,True
255.0,3,57.66548751737701,True
255.0,4,59.7505416739483,True
255.0,5,38.45916070415699,True
255.0,6,51.02776366104372,True
255.0,7,77.71611081032609,True
255.0,8,0.0,False
255.0,9,0.0,False
255.0,10,0.0,False
255.0,11,0.0,False
255.0,12,0.0,False
255.0,13,0.0,False
255.0,14,0.0,False
255.0,15,0.0,False
255.0,16,0.0,False
255.0,17,0.0,False
255.0,18,0.0,False
255.0,19,0.0,False
270.0,0,45.572911462807575,True
270.0,1,64.27111192456903,True
270.0,2,65.65501039542656,True
270.0,3,62.03872747789508,True
270.0,4,48.478176381847774,True
270.0,5,41.223223680370126,True
270.0,6,42.80154339940615,True
270.0,7,47.62937652970187,True
270.0,8,0.0,False
270.0,9,0.0,False
270.0,10,0.0,False
270.0,11,0.0,False
270.0,12,0.0,False
270.0,13,0.0,False
270.0,14,0.0,False
270.0,15,0.0,False
270.0,16,0.0,False
270.0,17,0.0,False
270.0,18,0.0,False
270.0,19,0.0,False
285.0,0,59.82866978112848,True
285.0,1,52.43661879844896,True
285.0,2,55.049358524009115,True
285.0,3,24.45708900093136,True
285.0,4,29.621350523352334,True
285.0,5,37.9163437739664,True
285.0,6,54.49432152210325,True
285.0,7,60.81151661392636,True
285.0,8,0.0,False
285.0,9,0.0,False
285.0,10,0.0,False
285.0,11,0.0,False
285.0,12,0.0,False
285.0,13,0.0,False
285.0,14,0.0,False
285.0,15,0.0,False
285.0,16,0.0,False
285.0,17,0.0,False
285.0,18,0.0,False
285.0,19,0.0,False
300.0,0,53.13173661975644,True
300.0,1,33.716574476280186,True
300.0,2,24.14358374678592,True
300.0,3,67.97382216366782,True
300.0,4,48.21099915807842,True
300.0,5,40.60658128165649,True
300.0,6,14.388728756345614,True
300.0,7,42.73535170700821,True
300.0,8,0.0,False
300.0,9,0.0,False
300.0,10,0.0,False
300.0,11,0.0,False
300.0,12,0.0,False
300.0,13,0.0,False
300.0,14,0.0,False
300.0,15,0.0,False
300.0,16,0.0,False
300.0,17,0.0,False
300.0,18,0.0,False
300.0,19,0.0,False
315.0,0,61.45379113067166,True
315.0,1,55.98117100001883,True
315.0,2,66.4996935436283,True
315.0,3,59.01781375428846,True
315.0,4,46.85344253683544,True
315.0,5,43.92368514492523,True
315.0,6,45.921765090370286,True
315.0,7,42.73535170700821,True
315.0,8,0.0,False
315.0,9,0.0,False
315.0,10,0.0,False
315.0,11,0.0,False
315.0,12,0.0,False
315.0,13,0.0,False
315.0,14,0.0,False
315.0,15,0.0,False
315.0,16,0.0,False
315.0,17,0.0,False
315.0,18,0.0,False
315.0,19,0.0,False
330.0,0,74.06121886839993,True
330.0,1,65.91408634624703,True
330.0,2,65.95800443437298,True
330.0,3,53.1224618355873,True
330.0,4,82.9760873450842,True
330.0,5,48.473502177620794,True
330.0,6,72.85578136279176,True
330.0,7,63.68925137306777,True
330.0,8,0.0,False
330.0,9,0.0,False
330.0,10,0.0,False
330.0,11,0.0,False
330.0,12,0.0,False
330.0,13,0.0,False
330.0,14,0.0,False
330.0,15,0.0,False
330.0,16,0.0,False
330.0,17,0.0,False
330.0,18,0.0,False
330.0,19,0.0,False
345.0,0,80.18967275204017,True
345.0,1,72.18140113606141,True
345.0,2,47.82921515859721,True
345.0,3,76.82793628798656,True
345.0,4,48.10190252117428,True
345.0,5,77.85702678479107,True
345.0,6,82.14750931655537,True
345.0,7,77.30806069053031,True
345.0,8,76.92976350618694,True
345.0,9,0.0,False
345.0,10,0.0,False
345.0,11,0.0,False
345.0,12,0.0,False
345.0,13,0.0,False
345.0,14,0.0,False
345.0,15,0.0,False
345.0,16,0.0,False
345.0,17,0.0,False
345.0,18,0.0,False
345.0,19,0.0,False
360.0,0,75.48004838164175,True
360.0,1,44.33703115193855,True
360.0,2,48.702472499959256,True
360.0,3,44.09015968842709,True
360.0,4,57.25068052224863,True
360.0,5,54.83071090110728,True
360.0,6,47.67336897977707,True
360.0,7,57.60923260990475,True
360.0,8,53.04758343047579,True
360.0,9,81.00344760961767,True
360.0,10,0.0,False
360.0,11,0.0,False
360.0,12,0.0,False
360.0,13,0.0,False
360.0,14,0.0,False
360.0,15,0.0,False
360.0,16,0.0,False
360.0,17,0.0,False
360.0,18,0.0,False
360.0,19,0.0,False
375.0,0,59.778093517175556,True
375.0,1,51.17667430804409,True
375.0,2,44.96812076083428,True
375.0,3,59.064577158314904,True
375.0,4,55.74397493684489,True
375.0,5,28.64172387141383,True
375.0,6,77.44646087700384,True
375.0,7,-1.4210854715202004e-14,True
375.0,8,46.742723405004554,True
375.0,9,18.133515148554153,True
375.0,10,80.32961486316137,True
375.0,11,0.0,False
375.0,12,0.0,False
375.0,13,0.0,False
375.0,14,0.0,False
375.0,15,0.0,False
375.0,16,0.0,False
375.0,17,0.0,False
375.0,18,0.0,False
375.0,19,0.0,False
390.0,0,50.10248772991905,True
390.0,1,54.33400819656811,True
390.0,2,59.506973710640914,True
390.0,3,47.689743362812536,True
390.0,4,60.88507887095612,True
390.0,5,49.92730835276221,True
390.0,6,63.473475136931306,True
390.0,7,52.707195999286164,True
390.0,8,62.38304209164845,True
390.0,9,51.99168834029664,True
390.0,10,80.51873595120364,True
390.0,11,94.45064686324775,True
390.0,12,68.82732936174887,True
390.0,13,0.0,False
390.0,14,0.0,False
390.0,15,0.0,False
390.0,16,0.0,False
390.0,17,0.0,False
390.0,18,0.0,False
390.0,19,0.0,False
405.0,0,57.76053308638261,True
405.0,1,48.341571451458755,True
405.0,2,52.19313646866973,True
405.0,3,54.03550315868393,True
405.0,4,30.039540257176668,True
405.0,5,50.22496707384089,True
405.0,6,38.93632393658735,True
405.0,7,67.64461230864019,True
405.0,8,64.42827737641315,True
405.0,9,35.77387606475402,True
405.0,10,46.42415501562741,True
405.0,11,41.91250414711779,True
405.0,12,54.345993465306805,True
405.0,13,0.0,False
405.0,14,0.0,False
405.0,15,0.0,False
405.0,16,0.0,False
405.0,17,0.0,False
405.0,18,0.0,False
405.0,19,0.0,False
420.0,0,57.212411186537665,True
420.0,1,57.632564907004024,True
420.0,2,68.61096610882777,True
420.0,3,51.14432210112703,True
420.0,4,54.889299615608365,True
420.0,5,52.41206032118244,True
420.0,6,44.90394965885844,True
420.0,7,50.47820647032754,True
420.0,8,71.60551618342421,True
420.0,9,65.17340141344883,True
420.0,10,50.031206412372164,True
420.0,11,41.681077047539475,True
420.0,12,58.488962568833756,True
420.0,13,0.0,False
420.0,14,0.0,False
420.0,15,0.0,False
420.0,16,0.0,False
420.0,17,0.0,False
420.0,18,0.0,False
420.0,19,0.0,False
435.0,0,65.26089055510023,True
435.0,1,29.556466461011723,True
435.0,2,62.59687263663058,True
435.0,3,67.04819207721214,True
435.0,4,51.01714266025735,True
435.0,5,55.42606750015672,True
435.0,6,63.150979009127326,True
435.0,7,56.18891496407766,True
435.0,8,57.449022437326065,True
435.0,9,63.448600178341394,True
435.0,10,81.03202631587762,True
435.0,11,69.10739096638645,True
435.0,12,36.19170140994505,True
435.0,13,0.0,False
435.0,14,0.0,False
435.0,15,0.0,False
435.0,16,0.0,False
435.0,17,0.0,False
435.0,18,0.0,False
435.0,19,0.0,False
450.0,0,44.13605629694111,True
450.0,1,52.95614450156117,True
450.0,2,38.540531367838334,True
450.0,3,50.588206000615486,True
450.0,4,37.5793195942296,True
450.0,5,1.4210854715202004e-14,True
450.0,6,63.25229462898101,True
450.0,7,43.519059373056415,True
450.0,8,40.4053883261781,True
450.0,9,47.63039840518124,True
450.0,10,36.061164960336924,True
450.0,11,47.849153833159036,True
450.0,12,39.043461878427614,True
450.0,13,0.0,False
450.0,14,0.0,False
450.0,15,0.0,False
450.0,16,0.0,False
450.0,17,0.0,False
450.0,18,0.0,False
450.0,19,0.0,False
465.0,0,17.55196205486446,True
465.0,1,20.9019518040554,True
465.0,2,23.606272961776384,True
465.0,3,44.783955764567615,True
465.0,4,20.32357291982757,True
465.0,5,33.21347586335139,True
465.0,6,34.82346783901011,True
465.0,7,34.41907023060671,True
465.0,8,-1.4210854715202004e-14,True
465.0,9,18.608541626019132,True
465.0,10,27.977443823095243,True
465.0,11,32.24949024480111,True
465.0,12,42.668028509306296,True
465.0,13,0.0,False
465.0,14,0.0,False
465.0,15,0.0,False
465.0,16,0.0,False
465.0,17,0.0,False
465.0,18,0.0,False
465.0,19,0.0,False
480.0,0,28.45966874379596,True
480.0,1,61.29352248141695,True
480.0,2,48.9056431361784,True
480.0,3,51.685569859512185,True
480.0,4,39.50296064289627,True
480.0,5,45.533439554180916,True
480.0,6,31.94648023396917,True
480.0,7,38.830550832732634,True
480.0,8,28.19557502561807,True
480.0,9,40.582058109005125,True
480.0,10,45.34034402576689,True
480.0,11,41.15666478601807,True
480.0,12,51.692250816379286,True
480.0,13,0.0,False
480.0,14,0.0,False
480.0,15,0.0,False
480.0,16,0.0,False
480.0,17,0.0,False
480.0,18,0.0,False
480.0,19,0.0,False
495.0,0,30.983070149864474,True
495.0,1,45.396329082740195,True
495.0,2,18.98875221689397,True
495.0,3,33.51980780386074,True
495.0,4,42.32428792113171,True
495.0,5,49.096402245392206,True
495.0,6,50.205690671941305,True
495.0,7,53.6954468071896,True
495.0,8,31.08145304461476,True
495.0,9,40.39920930084332,True
495.0,10,47.61802212982642,True
495.0,11,40.337287243866506,True
495.0,12,43.31912423383224,True
495.0,13,0.0,False
495.0,14,0.0,False
495.0,15,0.0,False
495.0,16,0.0,False
495.0,17,0.0,False
495.0,18,0.0,False
495.0,19,0.0,False
510.0,0,73.37085518194931,True
510.0,1,76.50983339528875,True
510.0,2,66.62977711344872,True
510.0,3,68.69496834805555,True
510.0,4,64.5430049690463,True
510.0,5,54.41219527252974,True
510.0,6,83.80479241435881,True
510.0,7,79.33354444210931,True
510.0,8,66.94808260065557,True
510.0,9,70.76665563239202,True
510.0,10,64.85474972932445,True
510.0,11,77.45260678705677,True
510.0,12,50.92372554428533,True
510.0,13,0.0,False
510.0,14,0.0,False
510.0,15,0.0,False
510.0,16,0.0,False
510.0,17,0.0,False
510.0,18,0.0,False
510.0,19,0.0,False
525.0,0,58.28832050109958,True
525.0,1,77.89657934819462,True
525.0,2,45.238322372089556,True
525.0,3,66.5410890492469,True
525.0,4,69.25432878458484,True
525.0,5,65.30627269790139,True
525.0,6,43.19367130635131,True
525.0,7,48.460480878525686,True
525.0,8,64.9550991610837,True
525.0,9,83.33372793351828,True
525.0,10,64.28736879141957,True
525.0,11,53.380345919746084,True
525.0,12,65.85772390765786,True
525.0,13,0.0,False
525.0,14,0.0,False
525.0,15,0.0,False
525.0,16,0.0,False
525.0,17,0.0,False
525.0,18,0.0,False
525.0,19,0.0,False
540.0,0,42.925528661715035,True
540.0,1,48.71500839698924,True
540.0,2,53.96948924374138,True
540.0,3,49.46699861552047,True
540.0,4,43.9754782437214,True
540.0,5,40.866465322582364,True
540.0,6,55.97637510488485,True
540.0,7,53.120029491147434,True
540.0,8,55.954149928878074,True
540.0,9,40.075660901188805,True
540.0,10,40.504594283280696,True
540.0,11,40.76962375266119,True
540.0,12,50.8640955376643,True
540.0,13,0.0,False
540.0,14,0.0,False
540.0,15,0.0,False
540.0,16,0.0,False
540.0,17,0.0,False
540.0,18,0.0,False
540.0,19,0.0,False
555.0,0,53.14300387041716,True
555.0,1,78.9218226604193,True
555.0,2,55.02167779858432,True
555.0,3,71.54764497210468,True
555.0,4,78.9922853604941,True
555.0,5,60.052175863595785,True
555.0,6,79.57146453492712,True
555.0,7,62.91349772008615,True
555.0,8,58.75570696186669,True
555.0,9,53.36960448489043,True
555.0,10,71.50509725697106,True
555.0,11,57.84815008130842,True
555.0,12,73.43258282182975,True
555.0,13,0.0,False
555.0,14,0.0,False
555.0,15,0.0,False
555.0,16,0.0,False
555.0,17,0.0,False
555.0,18,0.0,False
555.0,19,0.0,False
570.0,0,68.7397493087082,True
570.0,1,67.54097612017354,True
570.0,2,60.94988035990755,True
570.0,3,78.53071687232801,True
570.0,4,69.46963150745978,True
570.0,5,74.3819604165777,True
570.0,6,79.32514451699622,True
570.0,7,61.277750867551966,True
570.0,8,83.34842214176253,True
570.0,9,72.37792209529945,True
570.0,10,58.571795846540766,True
570.0,11,59.524990279343875,True
570.0,12,58.76278599459005,True
570.0,13,0.0,False
570.0,14,0.0,False
570.0,15,0.0,False
570.0,16,0.0,False
570.0,17,0.0,False
570.0,18,0.0,False
570.0,19,0.0,False
585.0,0,83.07330455035844,True
585.0,1,57.028641221507186,True
585.0,2,74.90222524987439,True
585.0,3,66.7505533559974,True
585.0,4,66.28617752288623,True
585.0,5,69.30322492018647,True
585.0,6,66.40743852757828,True
585.0,7,74.41388898287354,True
585.0,8,56.794710811138856,True
585.0,9,69.11716290536043,True
585.0,10,62.053061898223575,True
585.0,11,77.99591268292959,True
585.0,12,75.71603140502106,True
585.0,13,81.38427134977235,True
585.0,14,77.43445482449772,True
585.0,15,0.0,False
585.0,16,0.0,False
585.0,17,0.0,False
585.0,18,0.0,False
585.0,19,0.0,False
600.0,0,54.85204609125926,True
600.0,1,59.80541796210113,True
600.0,2,49.80481417792009,True
600.0,3,79.82059822405455,True
600.0,4,53.22072473689486,True
600.0,5,62.64788958315475,True
600.0,6,46.10437250670977,True
600.0,7,57.3431019060653,True
600.0,8,58.28043597794896,True
600.0,9,59.26929869476093,True
600.0,10,52.9629017200282,True
600.0,11,52.168168653990776,True
600.0,12,61.93685009787194,True
600.0,13,47.97040104486943,True
600.0,14,56.82551214452378,True
600.0,15,91.9781037392687,True
600.0,16,0.0,False
600.0,17,0.0,False
600.0,18,0.0,False
600.0,19,0.0,False
615.0,0,84.04248763890327,True
615.0,1,83.65418671907838,True
615.0,2,88.16540014403493,True
615.0,3,82.2902282735296,True
615.0,4,83.22375643948189,True
615.0,5,80.43652510316463,True
615.0,6,87.1600185422944,True
615.0,7,82.17671690262995,True
615.0,8,78.48934815433972,True
615.0,9,75.017435401621,True
615.0,10,79.7105162118622,True
615.0,11,85.74168940990789,True
615.0,12,95.93774467083631,True
615.0,13,82.90841553069991,True
615.0,14,82.80058327836662,True
615.0,15,80.67924975701577,True
615.0,16,97.54601922008747,True
615.0,17,77.9076127878721,True
615.0,18,80.14650002808685,True
615.0,19,88.78353176232538,True
630.0,0,77.56484990540822,True
630.0,1,90.43028798696444,True
630.0,2,88.40337746440856,True
630.0,3,80.57924655723157,True
630.0,4,74.70016807793436,True
630.0,5,98.90887603860114,True
630.0,6,98.34598518065599,True
630.0,7,75.30610033694165,True
630.0,8,79.77548516380541,True
630.0,9,80.95214247165427,True
630.0,10,71.854410772964,True
630.0,11,97.179501870087,True
630.0,12,93.20262368206238,True
630.0,13,76.53341198763434,True
630.0,14,87.80646867097391,True
630.0,15,96.25639463182381,True
630.0,16,85.30139733510495,True
630.0,17,73.83458017588129,True
630.0,18,74.97456034856981,True
630.0,19,86.03533430655315,True
645.0,0,74.61862980548504,True
645.0,1,78.02893585707108,True
645.0,2,90.51276626759429,True
645.0,3,83.04840174038569,True
645.0,4,69.56153988731975,True
645.0,5,90.17741422569934,True
645.0,6,86.2040810608634,True
645.0,7,76.33998403612739,True
645.0,8,82.6707574222061,True
645.0,9,74.72606974110494,True
645.0,10,87.99030435611884,True
645.0,11,81.00222229352546,True
645.0,12,74.09961278154262,True
645.0,13,91.9068068745825,True
645.0,14,73.76332962241611,True
645.0,15,88.21934864596044,True
645.0,16,85.0662135796853,True
645.0,17,86.90195326520077,True
645.0,18,77.53646501163036,True
645.0,19,93.86457518761074,True
660.0,0,77.58565040956577,True
660.0,1,93.17705247861187,True
660.0,2,83.02912028706935,True
660.0,3,90.6760011307627,True
660.0,4,99.67565816053681,True
660.0,5,97.0209342312467,True
660.0,6,78.93520579276756,True
660.0,7,86.23723843486083,True
660.0,8,95.9269874166921,True
660.0,9,72.1465907559721,True
660.0,10,65.15478963439335,True
660.0,11,78.07506331713867,True
660.0,12,82.87817157026853,True
660.0,13,81.32551062810708,True
660.0,14,90.43602051426558,True
660.0,15,84.57641508424564,True
660.0,16,76.55438064606747,True
660.0,17,82.28694045155808,True
660.0,18,94.69866305497226,True
660.0,19,69.7045723333088,True
675.0,0,78.40091240225293,True
675.0,1,97.66722620676424,True
675.0,2,88.2273965609557,True
675.0,3,61.87367754930751,True
675.0,4,91.46488273107104,True
675.0,5,62.79954761745431,True
675.0,6,70.97921108772468,True
675.0,7,92.45265972437466,True
675.0,8,83.73839409802653,True
675.0,9,79.37938288995673,True
675.0,10,80.25517190230724,True
675.0,11,82.42432514986976,True
675.0,12,75.03381991148697,True
675.0,13,84.65567624764536,True
675.0,14,86.24095915060863,True
675.0,15,82.9196540746341,True
675.0,16,84.32605321466897,True
675.0,17,92.33862032486086,True
675.0,18,81.65800644706684,True
675.0,19,65.15425801146904,True
690.0,0,80.65384963869897,True
690.0,1,74.23681548289997,True
690.0,2,77.4977523163589,True
690.0,3,88.66902690418429,True
690.0,4,67.11566813136929,True
690.0,5,83.13191636418459,True
690.0,6,89.59029551962621,True
690.0,7,80.30314288213195,True
690.0,8,94.27397847259456,True
690.0,9,71.78515649186474,True
690.0,10,90.19303216167769,True
690.0,11,98.99746118969199,True
690.0,12,80.31812606900989,True
690.0,13,99.71977852685652,True
690.0,14,97.90521858152094,True
690.0,15,86.96755073761916,True
690.0,16,75.2251077045151,True
690.0,17,92.65197580239271,True
690.0,18,96.73277806507059,True
690.0,19,93.49170925857584,True
705.0,0,61.416131185999056,True
705.0,1,88.70491392587442,True
705.0,2,71.6549907664736,True
705.0,3,76.21208508863624,True
705.0,4,71.71414105965631,True
705.0,5,72.15303144864365,True
705.0,6,98.25272282077445,True
705.0,7,53.44522740140098,True
705.0,8,80.0180567157982,True
705.0,9,55.95637821940814,True
705.0,10,94.29408623390522,True
705.0,11,71.60437508549667,True
705.0,12,84.08250276718584,True
705.0,13,93.66401992297637,True
705.0,14,94.06485891720783,True
705.0,15,66.02412074285884,True
705.0,16,65.63517488751452,True
705.0,17,86.70632710353323,True
705.0,18,73.51065074523174,True
705.0,19,61.324084744710945,True
720.0,0,68.86903536982922,True
720.0,1,66.55884870039586,True
720.0,2,67.53505412464642,True
720.0,3,65.19172167773286,True
720.0,4,87.77849540407493,True
720.0,5,55.241206762993144,True
720.0,6,65.1079458518822,True
720.0,7,87.15896379751285,True
720.0,8,87.21033227272876,True
720.0,9,69.25144762693878,True
720.0,10,86.91935616884679,True
720.0,11,68.19483856652192,True
720.0,12,79.17350626454925,True
720.0,13,89.4747679782496,True
720.0,14,72.73813310834551,True
720.0,15,81.13388273252906,True
720.0,16,74.76562823516944,True
720.0,17,85.24990809887385,True
720.0,18,39.33467555231655,True
720.0,19,94.659694494045,True
735.0,0,96.04168304278471,True
735.0,1,73.43599176123958,True
735.0,2,66.70727469833862,True
735.0,3,62.758127901903904,True
735.0,4,64.45029674492916,True
735.0,5,58.51154343511687,True
735.0,6,59.282966127291076,True
735.0,7,65.73872170522168,True
735.0,8,61.529047335519635,True
735.0,9,61.777946363905976,True
735.0,10,94.27045520154793,True
735.0,11,64.77852022006908,True
735.0,12,88.39216905673004,True
735.0,13,96.88860536614624,True
735.0,14,80.85990274619593,True
735.0,15,71.65972907655294,True
735.0,16,76.78884296230919,True
735.0,17,97.28021967293286,True
735.0,18,83.35483291183571,True
735.0,19,68.75704347577417,True
750.0,0,86.81622702896401,True
750.0,1,70.536887237603,True
750.0,2,75.49270910429368,True
750.0,3,75.31457308258928,True
750.0,4,53.44861777924706,True
750.0,5,65.60960456361249,True
750.0,6,71.33945222660655,True
750.0,7,63.9605745905045,True
750.0,8,72.04376681112419,True
750.0,9,77.97708339892284,True
750.0,10,99.83031565197332,True
750.0,11,89.80719944778774,True
750.0,12,70.37784003897559,True
750.0,13,83.55305703052244,True
750.0,14,95.5094230707938,True
750.0,15,54.83770840884837,True
750.0,16,90.41399894266729,True
750.0,17,77.12325263909554,True
750.0,18,85.71331992707587,True
750.0,19,77.96735074671003,True
765.0,0,53.94491687307037,True
765.0,1,58.99004931108453,True
765.0,2,69.82515993825163,True
765.0,3,60.00516858629561,True
765.0,4,58.421426508663025,True
765.0,5,80.39234815363933,True
765.0,6,82.61498303606537,True
765.0,7,66.72814529787019,True
765.0,8,59.70597195428705,True
765.0,9,53.0612020187267,True
765.0,10,69.8053595237651,True
765.0,11,39.96426241283563,True
765.0,12,62.30244943854919,True
765.0,13,84.33505055278773,True
765.0,14,90.42383892721548,True
765.0,15,55.40745496702568,True
765.0,16,53.451383866839905,True
765.0,17,96.76179513989112,True
765.0,18,45.965978399761,True
765.0,19,49.40278073359622,True
780.0,0,65.4663635312296,True
780.0,1,55.55450612252578,True
780.0,2,68.97507326881606,True
780.0,3,49.128281598278406,True
780.0,4,48.1928976676931,True
780.0,5,49.28849871738892,True
780.0,6,51.21634725040262,True
780.0,7,45.49403041069015,True
780.0,8,52.55807680040302,True
780.0,9,67.89969145038702,True
780.0,10,50.70443544952008,True
780.0,11,67.901912498049,True
780.0,12,77.9838208474401,True
780.0,13,82.95765474389802,True
780.0,14,76.32514758740945,True
780.0,15,43.38383740136295,True
780.0,16,48.35665211826205,True
780.0,17,95.2194301528359,True
780.0,18,72.09037904270674,True
780.0,19,43.88444055920847,True
795.0,0,58.88731604627549,True
795.0,1,29.212834898950916,True
795.0,2,51.66630285942845,True
795.0,3,40.909564367917866,True
795.0,4,48.50326257979739,True
795.0,5,72.79750943297356,True
795.0,6,71.1202709457176,True
795.0,7,50.43735008986038,True
795.0,8,47.48468071430032,True
795.0,9,64.21165030939585,True
795.0,10,54.43084905057724,True
795.0,11,65.64200298455589,True
795.0,12,64.27961746235191,True
795.0,13,98.3624544892551,True
795.0,14,97.66503356696633,True
795.0,15,52.477122936161614,True
795.0,16,50.18569962899426,True
795.0,17,77.1296677863076,True
795.0,18,48.31701312383582,True
795.0,19,63.12818049391714,True
810.0,0,62.13765490953906,True
810.0,1,52.830051520967416,True
810.0,2,52.912944418160265,True
810.0,3,71.49514655917284,True
810.0,4,54.11752141078921,True
810.0,5,75.29643722788045,True
810.0,6,74.11336661728245,True
810.0,7,76.31918425525289,True
810.0,8,62.09977418739071,True
810.0,9,55.666887697379394,True
810.0,10,63.818057932028466,True
810.0,11,54.63179323605965,True
810.0,12,51.84604019556896,True
810.0,13,90.20788968876325,True
810.0,14,82.48219655862434,True
810.0,15,52.90048907461464,True
810.0,16,54.141399396722896,True
810.0,17,94.72897154559334,True
810.0,18,74.54182691617649,True
810.0,19,63.12818049391714,True
825.0,0,59.58780731193394,True
825.0,1,60.263154039503625,True
825.0,2,54.16460168983215,True
825.0,3,55.531808220083775,True
825.0,4,11.736530879372154,True
825.0,5,52.41477949849212,True
825.0,6,46.886709452711834,True
825.0,7,44.586542869076915,True
825.0,8,26.598767591951642,True
825.0,9,50.55395461797971,True
825.0,10,58.179841637543504,True
825.0,11,44.86900451878449,True
825.0,12,72.61458926034707,True
825.0,13,89.58187075213597,True
825.0,14,90.63786212735276,True
825.0,15,49.568146657738964,True
825.0,16,50.97346701913409,True
825.0,17,69.71698312020018,True
825.0,18,56.16487445510859,True
825.0,19,57.98597877806982,True
840.0,0,18.884282646575855,True
840.0,1,51.545320019909035,True
840.0,2,63.10952332611872,True
840.0,3,46.11855856559269,True
840.0,4,45.84415051483389,True
840.0,5,46.11602093228231,True
840.0,6,43.831617029467765,True
840.0,7,56.41110174728401,True
840.0,8,47.980503656585974,True
840.0,9,47.55798985787285,True
840.0,10,57.72391669277624,True
840.0,11,43.60198838129075,True
840.0,12,50.955026732729905,True
840.0,13,71.69122761472606,True
840.0,14,77.98254224961144,True
840.0,15,51.968304680716926,True
840.0,16,43.12594167252103,True
840.0,17,42.54894386994711,True
840.0,18,58.959524012837136,True
840.0,19,51.57487039185317,True
855.0,0,45.770334676902124,True
855.0,1,46.67184529307007,True
855.0,2,40.08308824643049,True
855.0,3,75.15265079266209,True
855.0,4,40.50265010985096,True
855.0,5,40.18252436891356,True
855.0,6,55.96298493042733,True
855.0,7,44.33609520885731,True
855.0,8,56.649942492263165,True
855.0,9,57.043252379517924,True
855.0,10,57.72391669277624,True
855.0,11,40.91166260416135,True
855.0,12,61.65585581973028,True
855.0,13,47.936256617926695,True
855.0,14,89.03129490921812,True
855.0,15,49.74417309177459,True
855.0,16,41.711006308607054,True
855.0,17,50.22778435867277,True
855.0,18,65.4515069629943,True
855.0,19,40.46839895788163,True
870.0,0,47.36267872959236,True
870.0,1,72.60880003681453,True
870.0,2,37.95248970290573,True
870.0,3,67.67192390711242,True
870.0,4,31.30637104150027,True
870.0,5,44.64390874474654,True
870.0,6,40.993795171154986,True
870.0,7,39.74231585493329,True
870.0,8,55.597612922265824,True
870.0,9,54.390644062499085,True
870.0,10,54.88800252527474,True
870.0,11,61.11276262824822,True
870.0,12,56.27881364837406,True
870.0,13,33.513139801447494,True
870.0,14,69.4728735399606,True
870.0,15,31.30616434460282,True
870.0,16,42.25236471397456,True
870.0,17,40.13238599881082,True
870.0,18,36.994078922139884,True
870.0,19,65.036694099388,True
885.0,0,42.83933635347443,True
885.0,1,24.84669388141353,True
885.0,2,27.120620181951026,True
885.0,3,49.050647850441756,True
885.0,4,30.29019961213288,True
885.0,5,41.25555691454929,True
885.0,6,34.16201718783147,True
885.0,7,25.796115701908022,True
885.0,8,33.06013796797242,True
885.0,9,20.204425848941867,True
885.0,10,40.06303563900555,True
885.0,11,29.638043443939154,True
885.0,12,30.23081271619273,True
885.0,13,40.47280769651191,True
885.0,14,69.19203954824204,True
885.0,15,44.97174070451843,True
885.0,16,25.013972950557815,True
885.0,17,29.264654792221137,True
885.0,18,25.384563099866938,True
885.0,19,34.39445599664968,True
900.0,0,29.933854727043695,True
900.0,1,27.15441569527991,True
900.0,2,5.820151939086685,True
900.0,3,19.635886636600162,True
900.0,4,15.199461523480224,True
900.0,5,17.512398832670527,True
900.0,6,10.562902158809749,True
900.0,7,43.056625444959835,True
900.0,8,15.912135809414849,True
900.0,9,26.840221409349013,True
900.0,10,13.833609050110695,True
900.0,11,29.638043443939154,True
900.0,12,30.23081271619273,True
900.0,13,33.23016737294735,True
900.0,14,86.73598316352847,True
900.0,15,26.37833050592215,True
900.0,16,25.013972950557815,True
900.0,17,20.437188524945952,True
900.0,18,23.131136662960458,True
900.0,19,1.4210854715202004e-14,True
915.0,0,84.49812130484179,True
915.0,1,85.41630591189048,True
915.0,2,75.23081759942929,True
915.0,3,90.93821755818041,True
915.0,4,75.12728672377798,True
915.0,5,92.5449457433548,True
915.0,6,76.35134673528796,True
915.0,7,75.90741667506182,True
915.0,8,97.77846973045033,True
915.0,9,86.19958838319393,True
915.0,10,79.0100405498995,True
915.0,11,78.94344160526833,True
915.0,12,91.25682933197798,True
915.0,13,96.21904309941871,True
915.0,14,75.4188973893238,True
915.0,15,92.68095623313016,True
915.0,16,91.57975316182998,True
915.0,17,77.71903567785168,True
915.0,18,81.3723970348179,True
915.0,19,98.80537743355167,True
930.0,0,86.31372056538166,True
930.0,1,82.84083903474713,True
930.0,2,74.48170457150243,True
930.0,3,72.60600335244408,True
930.0,4,87.89561974727533,True
930.0,5,76.94073907914267,True
930.0,6,89.77004370198635,True
930.0,7,82.42132493933175,True
930.0,8,90.49023647849464,True
930.0,9,75.09242625635842,True
930.0,10,78.08263679284963,True
930.0,11,86.34306831779504,True
930.0,12,97.44685165589621,True
930.0,13,86.43269284003082,True
930.0,14,90.10760703722465,True
930.0,15,90.48160483430453,True
930.0,16,85.91433896916519,True
930.0,17,81.36032824829954,True
930.0,18,72.75757278245692,True
930.0,19,75.60682641149202,True
945.0,0,57.89471993584409,True
945.0,1,57.32601580016153,True
945.0,2,73.86104573046994,True
945.0,3,86.35417551357597,True
945.0,4,97.19424641138218,True
945.0,5,59.70050897704064,True
945.0,6,97.27951421675748,True
945.0,7,78.17497117905316,True
945.0,8,85.21561367676121,True
945.0,9,62.90913630131922,True
945.0,10,59.48815172656814,True
945.0,11,86.92798307781744,True
945.0,12,66.118857430855,True
945.0,13,71.95264643446544,True
945.0,14,93.1590161816537,True
945.0,15,52.96468276959457,True
945.0,16,97.8092667266442,True
945.0,17,45.297664763071,True
945.0,18,75.36831804265287,True
945.0,19,68.65135566251348,True
960.0,0,60.706046393210755,True
960.0,1,62.82012927794855,True
960.0,2,61.464400269665205,True
960.0,3,83.0232576077857,True
960.0,4,98.74961055369036,True
960.0,5,59.328661526505066,True
960.0,6,82.94450949861215,True
960.0,7,85.17024892992512,True
960.0,8,56.24408024250114,True
960.0,9,62.9684252410699,True
960.0,10,61.64213996375793,True
960.0,11,82.0759451425894,True
960.0,12,58.812229734661074,True
960.0,13,77.00568953270115,True
960.0,14,69.92332645577665,True
960.0,15,58.22072693296256,True
960.0,16,99.10440654131995,True
960.0,17,61.71149984413666,True
960.0,18,63.781701457819295,True
960.0,19,57.641529235968605,True
975.0,0,60.256197522020315,True
975.0,1,48.823384896831115,True
975.0,2,61.86814026616007,True
975.0,3,52.66818818897341,True
975.0,4,92.30102207410806,True
975.0,5,47.824518650379545,True
975.0,6,52.72316067762308,True
975.0,7,61.6963220046235,True
975.0,8,43.133581867458524,True
975.0,9,43.44912285599999,True
975.0,10,10.808032528892952,True
975.0,11,40.12209540771574,True
975.0,12,72.15065158471998,True
975.0,13,55.61534178465786,True
975.0,14,91.14144501449412,True
975.0,15,41.450418735834845,True
975.0,16,96.15218111202829,True
975.0,17,44.479431635267474,True
975.0,18,41.438190215211804,True
975.0,19,38.22995055532189,True
990.0,0,11.256863497811565,True
990.0,1,48.823384896831115,True
990.0,2,41.023488663712335,True
990.0,3,32.36891680956991,True
990.0,4,93.3594852285272,True
990.0,5,30.045958375210205,True
990.0,6,46.152308476536355,True
990.0,7,31.282572051152485,True
990.0,8,42.53894440773861,True
990.0,9,42.22395735431581,True
990.0,10,46.76092074418902,True
990.0,11,23.633296087462995,True
990.0,12,33.74089615511238,True
990.0,13,26.055881167625643,True
990.0,14,86.85860033412895,True
990.0,15,54.930799325793785,True
990.0,16,93.8943516381232,True
990.0,17,37.02192544266902,True
990.0,18,42.16246378976091,True
990.0,19,44.04293775550492,True
1005.0,0,45.392482741465585,True
1005.0,1,26.384410610328487,True
1005.0,2,25.05970779414409,True
1005.0,3,31.701158068028988,True
1005.0,4,87.21843058307135,True
1005.0,5,46.243144118496275,True
1005.0,6,52.779949593941225,True
1005.0,7,31.282572051152485,True
1005.0,8,34.605209191641734,True
1005.0,9,32.490560125315795,True
1005.0,10,32.415658893868965,True
1005.0,11,24.64849685924105,True
1005.0,12,31.42143321659782,True
1005.0,13,26.99175565982533,True
1005.0,14,79.47240810285282,True
1005.0,15,29.39661140162302,True
1005.0,16,92.51399146452748,True
1005.0,17,25.114036901385873,True
1005.0,18,29.8801188400478,True
1005.0,19,29.44736334017368,True
1020.0,0,34.13561924365399,True
1020.0,1,24.320713584568125,True
1020.0,2,31.680395195788947,True
1020.0,3,31.701158068028988,True
1020.0,4,86.07924432465012,True
1020.0,5,41.60164382952583,True
1020.0,6,41.72853722540756,True
1020.0,7,41.3997608154272,True
1020.0,8,25.986848154739974,True
1020.0,9,32.490560125315795,True
1020.0,10,25.582890951941835,True
1020.0,11,32.40390665641557,True
1020.0,12,25.43169674817956,True
1020.0,13,46.022355332486185,True
1020.0,14,81.34469221404564,True
1020.0,15,26.064014997113333,True
1020.0,16,51.176981805748056,True
1020.0,17,41.84332464062686,True
1020.0,18,40.12298600848371,True
1020.0,19,40.97011654655298,True
1035.0,0,29.23094768870361,True
1035.0,1,42.666110369779084,True
1035.0,2,41.8381345985904,True
1035.0,3,31.35548859191786,True
1035.0,4,89.96297032700353,True
1035.0,5,41.60164382952583,True
1035.0,6,30.43089145107453,True
1035.0,7,59.099657756866215,True
1035.0,8,55.7227446574211,True
1035.0,9,33.46932981995042,True
1035.0,10,50.44204747211701,True
1035.0,11,40.5703164421697,True
1035.0,12,47.98278718149297,True
1035.0,13,41.931319650022985,True
1035.0,14,40.33856937465794,True
1035.0,15,33.55321731696728,True
1035.0,16,29.544703232062815,True
1035.0,17,41.84332464062686,True
1035.0,18,56.854455917249226,True
1035.0,19,28.85613991848706,True
1050.0,0,34.090409604082126,True
1050.0,1,41.56242172423333,True
1050.0,2,13.540682976581223,True
1050.0,3,23.571879622244836,True
1050.0,4,95.59250958410286,True
1050.0,5,29.420787141588917,True
1050.0,6,27.946573801893095,True
1050.0,7,32.319721401987366,True
1050.0,8,14.46035283174541,True
1050.0,9,31.641247401484378,True
1050.0,10,11.058006645987277,True
1050.0,11,40.66382377705669,True
1050.0,12,21.344574770422994,True
1050.0,13,29.108789520484066,True
1050.0,14,27.258408623147105,True
1050.0,15,13.023518325460529,True
1050.0,16,41.76806227764443,True
1050.0,17,14.910929672441426,True
1050.0,18,30.26063468968721,True
1050.0,19,27.925981451994687,True
1065.0,0,-2.842170943040401e-14,True
1065.0,1,24.18590858127176,True
1065.0,2,10.901023080563576,True
1065.0,3,19.742855868452025,True
1065.0,4,80.57431666813433,True
1065.0,5,27.151299673715442,True
1065.0,6,19.50380478562137,True
1065.0,7,20.688938446137584,True
1065.0,8,32.012703746397904,True
1065.0,9,33.37987938632608,True
1065.0,10,11.058006645987263,True
1065.0,11,32.497413991302565,True
1065.0,12,33.509075481084324,True
1065.0,13,32.89029936036654,True
1065.0,14,16.354247989022767,True
1065.0,15,25.552545861258338,True
1065.0,16,30.837931732209384,True
1065.0,17,17.065921301137507,True
1065.0,18,13.097371947733677,True
1065.0,19,40.352242194467124,True
1080.0,0,32.54977002101036,True
1080.0,1,9.255849437748466,True
1080.0,2,14.355034841253499,True
1080.0,3,28.316356064282786,True
1080.0,4,73.82089654631348,True
1080.0,5,27.151299673715442,True
1080.0,6,23.95804072141614,True
1080.0,7,34.20332101808842,True
1080.0,8,40.003114623208674,True
1080.0,9,7.861062186757067,True
1080.0,10,32.99522998046628,True
1080.0,11,14.210420523330896,True
1080.0,12,31.3714879136341,True
1080.0,13,16.410674663752204,True
1080.0,14,40.71678512430324,True
1080.0,15,10.41071623588276,True
1080.0,16,20.81889593254465,True
1080.0,17,25.979640140513283,True
1080.0,18,26.852851049647228,True
1080.0,19,30.996822566394755,True
1095.0,0,32.088441638054164,True
1095.0,1,31.113143326424833,True
1095.0,2,30.361432501895464,True
1095.0,3,18.99786483529364,True
1095.0,4,99.87108938316656,True
1095.0,5,11.238128210005854,True
1095.0,6,2.842170943040401e-14,True
1095.0,7,18.86888495534717,True
1095.0,8,27.920097510822274,True
1095.0,9,20.642682916246628,True
1095.0,10,15.022047637309328,True
1095.0,11,14.456364487948235,True
1095.0,12,25.77109015984246,True
1095.0,13,24.956961557023703,True
1095.0,14,34.43650432892487,True
1095.0,15,5.515577761767986,True
1095.0,16,16.373055009163323,True
1095.0,17,40.73851701782496,True
1095.0,18,17.24296952711481,True
1095.0,19,24.166327972443668,True
1110.0,0,51.51911605446338,True
1110.0,1,33.01332906028908,True
1110.0,2,30.361432501895464,True
1110.0,3,28.739266216309503,True
1110.0,4,94.28543743739397,True
1110.0,5,29.13766547074117,True
1110.0,6,31.54775228911184,True
1110.0,7,23.65470472476649,True
1110.0,8,19.95168705210601,True
1110.0,9,42.237762536723814,True
1110.0,10,35.12073803312194,True
1110.0,11,15.52970462218137,True
1110.0,12,40.74024099620336,True
1110.0,13,33.78095715310096,True
1110.0,14,30.147029711496756,True
1110.0,15,45.51415951967698,True
1110.0,16,16.550273648159475,True
1110.0,17,32.362660868532146,True
1110.0,18,33.16966897518299,True
1110.0,19,40.08725488436144,True
1125.0,0,34.24479224403524,True
1125.0,1,40.877513890680106,True
1125.0,2,44.88389132165118,True
1125.0,3,21.678240500890183,True
1125.0,4,96.53693590475602,True
1125.0,5,16.738372696080617,True
1125.0,6,40.13483236720612,True
1125.0,7,23.65470472476649,True
1125.0,8,19.95168705210601,True
1125.0,9,39.87326305780789,True
1125.0,10,34.53455064736612,True
1125.0,11,59.86339080870465,True
1125.0,12,37.53024744613006,True
1125.0,13,26.85006048516945,True
1125.0,14,40.41948763791767,True
1125.0,15,55.850284412238466,True
1125.0,16,34.41595917961037,True
1125.0,17,30.21398164453437,True
1125.0,18,33.16966897518299,True
1125.0,19,34.81208631812834,True
1140.0,0,52.507991303569256,True
1140.0,1,30.377727049684935,True
1140.0,2,31.987135089807524,True
1140.0,3,22.89038150303969,True
1140.0,4,80.86752876929617,True
1140.0,5,44.71329946414369,True
1140.0,6,25.846831122322712,True
1140.0,7,46.4671440866247,True
1140.0,8,32.867501782581726,True
1140.0,9,30.043913631986214,True
1140.0,10,19.669332802793235,True
1140.0,11,32.766803123203275,True
1140.0,12,29.317815519035108,True
1140.0,13,26.85006048516945,True
1140.0,14,26.62908019895916,True
1140.0,15,31.262121153348872,True
1140.0,16,33.185485678439406,True
1140.0,17,27.602956371622312,True
1140.0,18,22.091760630158433,True
1140.0,19,31.339824130416957,True
1155.0,0,20.27529727662028,True
1155.0,1,33.074453510531086,True
1155.0,2,31.987135089807524,True
1155.0,3,26.167068713206035,True
1155.0,4,96.44320026006149,True
1155.0,5,5.684341886080802e-14,True
1155.0,6,20.406839323225924,True
1155.0,7,12.50038017702785,True
1155.0,8,32.867501782581726,True
1155.0,9,31.00415698853395,True
1155.0,10,30.790367445818816,True
1155.0,11,30.114373701787585,True
1155.0,12,19.45702443214084,True
1155.0,13,23.41320624792712,True
1155.0,14,18.218645551069983,True
1155.0,15,16.53886047348709,True
1155.0,16,5.7055876781138295,True
1155.0,17,13.214366745165748,True
1155.0,18,22.091760630158433,True
1155.0,19,13.112811888982847,True
1170.0,0,16.775536190479926,True
1170.0,1,24.18406655524491,True
1170.0,2,20.12307199274788,True
1170.0,3,26.167068713206035,True
1170.0,4,82.06662596457367,True
1170.0,5,13.494363043584457,True
1170.0,6,27.190473139280158,True
1170.0,7,34.04821201567144,True
1170.0,8,19.353683827689906,True
1170.0,9,31.87897919977891,True
1170.0,10,18.26846576584289,True
1170.0,11,27.849703454542606,True
1170.0,12,19.45702443214084,True
1170.0,13,13.515038847563957,True
1170.0,14,26.097103077202178,True
1170.0,15,9.098547417958144,True
1170.0,16,21.573556122913516,True
1170.0,17,14.787078027745125,True
1170.0,18,14.398865978299284,True
1170.0,19,10.819706903395044,True
1185.0,0,46.977800501013164,True
1185.0,1,21.006379286000083,True
1185.0,2,29.796027680440872,True
1185.0,3,22.755083722877487,True
1185.0,4,81.46334483208985,True
1185.0,5,31.22779552483466,True
1185.0,6,27.190473139280158,True
1185.0,7,24.030038940218148,True
1185.0,8,41.69454508944893,True
1185.0,9,31.87897919977891,True
1185.0,10,8.788916193882358,True
1185.0,11,27.849703454542606,True
1185.0,12,26.28210721390508,True
1185.0,13,25.44129735033971,True
1185.0,14,26.097103077202178,True
1185.0,15,24.889154742400123,True
1185.0,16,25.591197082811078,True
1185.0,17,48.12645440613879,True
1185.0,18,13.873657639134152,True
1185.0,19,20.983834412988415,True
1200.0,0,20.839160427458467,True
1200.0,1,15.024448700342973,True
1200.0,2,28.363088172051476,True
1200.0,3,22.755083722877487,True
1200.0,4,66.33128254046241,True
1200.0,5,15.640107118768285,True
1200.0,6,18.73523314611893,True
1200.0,7,17.745046147509612,True
1200.0,8,28.809907825472138,True
1200.0,9,31.465168638683764,True
1200.0,10,25.950367957474327,True
1200.0,11,32.28821065452526,True
1200.0,12,15.148547545578154,True
1200.0,13,40.89017674961994,True
1200.0,14,32.601862534473895,True
1200.0,15,26.043706202259827,True
1200.0,16,26.612220154581962,True
1200.0,17,32.770142409540355,True
1200.0,18,47.95978211236503,True
1200.0,19,44.89799731552519,True
1215.0,0,22.105514743892627,True
1215.0,1,45.577572172004324,True
1215.0,2,28.363088172051476,True
1215.0,3,25.400236069393287,True
1215.0,4,88.56097363170045,True
1215.0,5,41.47233155607023,True
1215.0,6,16.117471161600747,True
1215.0,7,16.030682664402036,True
1215.0,8,28.809907825472138,True
1215.0,9,31.465168638683764,True
1215.0,10,25.950367957474327,True
1215.0,11,32.28821065452526,True
1215.0,12,16.70825870509563,True
1215.0,13,41.73722393077007,True
1215.0,14,32.601862534473895,True
1215.0,15,22.105713485986428,True
1215.0,16,26.612220154581962,True
1215.0,17,30.393186876045718,True
1215.0,18,16.23358064572315,True
1215.0,19,32.24541845467854,True
1230.0,0,19.59649038470505,True
1230.0,1,30.553123471661323,True
1230.0,2,21.235716872848485,True
1230.0,3,25.400236069393287,True
1230.0,4,84.9680666974194,True
1230.0,5,25.832224437302003,True
1230.0,6,2.842170943040401e-14,True
1230.0,7,6.518923482602759,True
1230.0,8,32.01628175767989,True
1230.0,9,26.798459647020053,True
1230.0,10,16.256682175820302,True
1230.0,11,30.27054642270903,True
1230.0,12,16.70825870509563,True
1230.0,13,1.4210854715202004e-14,True
1230.0,14,0.0,True
1230.0,15,29.02126713512567,True
1230.0,16,2.842170943040401e-14,True
1230.0,17,4.263256414560601e-14,True
1230.0,18,20.660358347232815,True
1230.0,19,25.261174772205635,True
1245.0,0,33.67464929450851,True
1245.0,1,28.22396322683919,True
1245.0,2,21.235716872848485,True
1245.0,3,28.250702736945925,True
1245.0,4,97.34497163397857,True
1245.0,5,27.579792401934412,True
1245.0,6,12.987888761408044,True
1245.0,7,22.317738056711022,True
1245.0,8,32.01628175767989,True
1245.0,9,11.12283391259568,True
1245.0,10,21.237361851778928,True
1245.0,11,30.27054642270903,True
1245.0,12,18.11813453957879,True
1245.0,13,27.302019735449306,True
1245.0,14,41.03876265962562,True
1245.0,15,29.02126713512567,True
1245.0,16,22.28554403154328,True
1245.0,17,34.006560441853594,True
1245.0,18,30.534697296259935,True
1245.0,19,22.7134336145173,True
1260.0,0,33.67464929450851,True
1260.0,1,28.22396322683919,True
1260.0,2,33.61585246761075,True
1260.0,3,28.250702736945925,True
1260.0,4,93.02083467960838,True
1260.0,5,5.684341886080802e-14,True
1260.0,6,12.987888761408044,True
1260.0,7,26.538607473919058,True
1260.0,8,33.86111273716493,True
1260.0,9,24.994035938142616,True
1260.0,10,20.261642766859666,True
1260.0,11,10.91903064179536,True
1260.0,12,18.11813453957879,True
1260.0,13,0.0,True
1260.0,14,28.72786132619335,True
1260.0,15,10.451299494389744,True
1260.0,16,14.984606564569532,True
1260.0,17,22.68346508262306,True
1260.0,18,-2.842170943040401e-14,True
1260.0,19,5.486084419393876,True
1275.0,0,11.004047568602076,True
1275.0,1,24.0356420271697,True
1275.0,2,28.512145481540443,True
1275.0,3,20.539699914229075,True
1275.0,4,93.63008665236849,True
1275.0,5,25.39358115630469,True
1275.0,6,10.629268753658309,True
1275.0,7,26.538607473919058,True
1275.0,8,33.86111273716493,True
1275.0,9,21.54201154073442,True
1275.0,10,20.261642766859666,True
1275.0,11,8.372674913930254,True
1275.0,12,28.31723423420729,True
1275.0,13,33.120817512765115,True
1275.0,14,15.442318086346575,True
1275.0,15,17.915666112143896,True
1275.0,16,22.748248771449013,True
1275.0,17,22.68346508262306,True
1275.0,18,20.31659621763798,True
1275.0,19,7.604717605185584,True
1290.0,0,11.004047568602076,True
1290.0,1,11.452297156345224,True
1290.0,2,27.062709220436517,True
1290.0,3,20.539699914229075,True
1290.0,4,67.38872828482342,True
1290.0,5,5.684341886080802e-14,True
1290.0,6,10.629268753658309,True
1290.0,7,8.429657495484108,True
1290.0,8,0.0,True
1290.0,9,0.0,True
1290.0,10,28.17695413905824,True
1290.0,11,2.842170943040401e-14,True
1290.0,12,26.492758219769144,True
1290.0,13,33.120817512765115,True
1290.0,14,0.0,True
1290.0,15,-2.842170943040401e-14,True
1290.0,16,4.263256414560601e-14,True
1290.0,17,5.684341886080802e-14,True
1290.0,18,-2.842170943040401e-14,True
1290.0,19,2.842170943040401e-14,True
1305.0,0,31.988488978467913,True
1305.0,1,11.452297156345224,True
1305.0,2,27.062709220436517,True
1305.0,3,29.808543525557155,True
1305.0,4,79.86465707842322,True
1305.0,5,5.684341886080802e-14,True
1305.0,6,33.75193036921294,True
1305.0,7,8.429657495484108,True
1305.0,8,14.513649077664127,True
1305.0,9,5.599098266856913,True
1305.0,10,8.12306992558618,True
1305.0,11,2.842170943040401e-14,True
1305.0,12,30.60382492012522,True
1305.0,13,33.523407723653776,True
1305.0,14,17.595953234080923,True
1305.0,15,32.569058970102844,True
1305.0,16,4.263256414560601e-14,True
1305.0,17,5.684341886080802e-14,True
1305.0,18,34.038592563335996,True
1305.0,19,2.842170943040401e-14,True
1320.0,0,-4.263256414560601e-14,True
1320.0,1,14.026288645850286,True
1320.0,2,32.1210577640784,True
1320.0,3,0.0,True
1320.0,4,69.9784277041151,True
1320.0,5,5.684341886080802e-14,False
1320.0,6,33.75193036921294,True
1320.0,7,44.01018934177211,True
1320.0,8,29.91989188887962,True
1320.0,9,0.0,True
1320.0,10,14.92018633889927,True
1320.0,11,2.842170943040401e-14,False
1320.0,12,23.46443510859112,True
1320.0,13,16.575392747473146,True
1320.0,14,42.54242138270058,True
1320.0,15,-2.842170943040401e-14,True
1320.0,16,4.263256414560601e-14,False
1320.0,17,5.684341886080802e-14,False
1320.0,18,22.260058070465504,True
1320.0,19,20.508790846671317,True
1335.0,0,12.421055693998213,True
1335.0,1,6.850370821632367,True
1335.0,2,27.11067592886903,True
1335.0,3,0.0,True
1335.0,4,81.40318317874204,True
1335.0,5,5.684341886080802e-14,False
1335.0,6,2.842170943040401e-14,True
1335.0,7,12.108815281118225,True
1335.0,8,0.0,True
1335.0,9,0.0,True
1335.0,10,20.912908274056775,True
1335.0,11,2.842170943040401e-14,False
1335.0,12,-2.842170943040401e-14,True
1335.0,13,0.0,True
1335.0,14,42.54242138270058,True
1335.0,15,19.934564397205975,True
1335.0,16,4.263256414560601e-14,False
1335.0,17,5.684341886080802e-14,False
1335.0,18,-2.842170943040401e-14,True
1335.0,19,2.842170943040401e-14,True
1350.0,0,16.03976218974745,True
1350.0,1,40.46214494711566,True
1350.0,2,31.39583428843416,True
1350.0,3,20.864960805279082,True
1350.0,4,71.91389645791428,True
1350.0,5,5.684341886080802e-14,False
1350.0,6,2.842170943040401e-14,True
1350.0,7,20.575244400847595,True
1350.0,8,30.907916142354978,True
1350.0,9,29.419635861869892,True
1350.0,10,-2.842170943040401e-14,True
1350.0,11,2.842170943040401e-14,False
1350.0,12,28.8817661450654,True
1350.0,13,28.400330006507446,True
1350.0,14,0.0,True
1350.0,15,19.934564397205975,True
1350.0,16,4.263256414560601e-14,False
1350.0,17,5.684341886080802e-14,False
1350.0,18,23.278402179216272,True
1350.0,19,2.842170943040401e-14,True
1365.0,0,16.03976218974745,True
1365.0,1,-2.842170943040401e-14,True
1365.0,2,31.39583428843416,True
1365.0,3,20.864960805279082,True
1365.0,4,85.96456925752753,True
1365.0,5,5.684341886080802e-14,False
1365.0,6,34.013645868196946,True
1365.0,7,20.789890626616227,True
1365.0,8,30.907916142354978,True
1365.0,9,29.419635861869892,True
1365.0,10,23.827200261790253,True
1365.0,11,2.842170943040401e-14,False
1365.0,12,29.029510933739076,True
1365.0,13,0.0,True
1365.0,14,0.0,True
1365.0,15,-2.842170943040401e-14,True
1365.0,16,4.263256414560601e-14,False
1365.0,17,5.684341886080802e-14,False
1365.0,18,-2.842170943040401e-14,True
1365.0,19,2.842170943040401e-14,True
1380.0,0,9.082635559511488,True
1380.0,1,14.06520843154297,True
1380.0,2,27.545414145884322,True
1380.0,3,0.0,True
1380.0,4,83.98535324603338,True
1380.0,5,5.684341886080802e-14,False
1380.0,6,34.013645868196946,True
1380.0,7,34.040523105060984,True
1380.0,8,0.0,True
1380.0,9,0.0,True
1380.0,10,23.827200261790253,True
1380.0,11,2.842170943040401e-14,False
1380.0,12,20.30700499144544,True
1380.0,13,0.0,True
1380.0,14,0.0,True
1380.0,15,27.59102498666904,True
1380.0,16,4.263256414560601e-14,False
1380.0,17,5.684341886080802e-14,False
1380.0,18,23.641985507107677,True
1380.0,19,2.842170943040401e-14,False
1395.0,0,9.082635559511488,True
1395.0,1,-2.842170943040401e-14,True
1395.0,2,17.93018572633592,True
1395.0,3,0.0,True
1395.0,4,89.28475451576928,True
1395.0,5,5.684341886080802e-14,False
1395.0,6,2.842170943040401e-14,True
1395.0,7,20.56437657823217,True
1395.0,8,0.0,True
1395.0,9,0.0,True
1395.0,10,-2.842170943040401e-14,True
1395.0,11,2.842170943040401e-14,False
1395.0,12,-2.842170943040401e-14,True
1395.0,13,0.0,False
1395.0,14,0.0,False
1395.0,15,-2.842170943040401e-14,True
1395.0,16,4.263256414560601e-14,False
1395.0,17,5.684341886080802e-14,False
1395.0,18,-2.842170943040401e-14,True
1395.0,19,2.842170943040401e-14,False
1410.0,0,14.337906805060044,True
1410.0,1,32.718980694533826,True
1410.0,2,31.065048843468503,True
1410.0,3,0.0,False
1410.0,4,61.53582661404206,True
1410.0,5,5.684341886080802e-14,False
1410.0,6,16.514141762059197,True
1410.0,7,33.312891132380315,True
1410.0,8,0.0,False
1410.0,9,0.0,False
1410.0,10,12.777990529169713,True
1410.0,11,2.842170943040401e-14,False
1410.0,12,14.368703365771935,True
1410.0,13,0.0,False
1410.0,14,0.0,False
1410.0,15,24.310245705616865,True
1410.0,16,4.263256414560601e-14,False
1410.0,17,5.684341886080802e-14,False
1410.0,18,-2.842170943040401e-14,True
1410.0,19,2.842170943040401e-14,False
1425.0,0,20.04585094382321,True
1425.0,1,11.56072658266352,True
1425.0,2,31.065048843468503,True
1425.0,3,0.0,False
1425.0,4,4.263256414560601e-14,True
1425.0,5,5.684341886080802e-14,False
1425.0,6,50.68782357030401,True
1425.0,7,36.322113800055256,True
1425.0,8,0.0,False
1425.0,9,0.0,False
1425.0,10,42.27562039581201,True
1425.0,11,2.842170943040401e-14,False
1425.0,12,5.994387133031154,True
1425.0,13,0.0,False
1425.0,14,0.0,False
1425.0,15,-2.842170943040401e-14,True
1425.0,16,4.263256414560601e-14,False
1425.0,17,5.684341886080802e-14,False
1425.0,18,49.23325316552755,True
1425.0,19,2.842170943040401e-14,False
